{"cameraMode":{"drawMode":0,"name":"Shaded","section":"Shading Mode"},"sceneLighting":true,"audioPlay":false,"sceneViewState":{"m_AlwaysRefresh":false,"showFog":true,"showSkybox":true,"showFlares":true,"showImageEffects":true,"showParticleSystems":true,"showVisualEffectGraphs":true,"m_FxEnabled":true},"in2DMode":false,"pivot":{"x":-0.20000000298023225,"y":0.9599999785423279,"z":0.6700000762939453},"rotation":{"x":-0.05659434571862221,"y":0.8259220719337463,"z":-0.5545687675476074,"w":-0.08428633213043213},"size":0.21710161864757539,"orthographic":false}