{"cameraMode":{"drawMode":0,"name":"Shaded","section":"Shading Mode"},"sceneLighting":true,"audioPlay":false,"sceneViewState":{"m_AlwaysRefresh":false,"showFog":true,"showSkybox":true,"showFlares":true,"showImageEffects":true,"showParticleSystems":true,"showVisualEffectGraphs":true,"m_FxEnabled":true},"in2DMode":false,"pivot":{"x":-0.2028551995754242,"y":0.06807732582092285,"z":0.124583899974823},"rotation":{"x":-0.10824273526668549,"y":0.8540785908699036,"z":-0.19710460305213929,"w":-0.4690267741680145},"size":3.2660250663757326,"orthographic":false}