{"cameraMode":{"drawMode":0,"name":"Shaded","section":"Shading Mode"},"sceneLighting":true,"audioPlay":false,"sceneViewState":{"m_AlwaysRefresh":false,"showFog":true,"showSkybox":true,"showFlares":true,"showImageEffects":true,"showParticleSystems":true,"showVisualEffectGraphs":true,"m_FxEnabled":true},"in2DMode":false,"pivot":{"x":3.894836902618408,"y":0.8773045539855957,"z":-0.9150323867797852},"rotation":{"x":0.03266405314207077,"y":0.9567707777023315,"z":-0.26356834173202517,"w":0.11857257038354874},"size":5.77822208404541,"orthographic":false}